source,channel,title,views,likes,comments,published_at,duration,url,video_id
channel,Housecall Pro,Pro Power Hour: Fall 2026 Technician Onboarding (Wrap up) + Office Staff Onboarding Session,785,0,0,2026-09-28,PT59M20S,https://youtube.com/watch?v=Lukm3HqgLKY,Lukm3HqgLKY
channel,Housecall Pro,I Investigated The Trillion Dollar Blue Collar Shortage,569,1,0,2026-09-18,PT8M51S,https://youtube.com/watch?v=RahG8Iy77pY,RahG8Iy77pY
channel,Housecall Pro,Pro Power Hour: Invoicing,741,0,0,2026-09-01,PT49M21S,https://youtube.com/watch?v=mYvajLXP0TQ,mYvajLXP0TQ
channel,Housecall Pro,Pro Power Hour: HCP Voice Add-on,324,1,0,2026-08-21,PT55M37S,https://youtube.com/watch?v=peV2eN3OcXk,peV2eN3OcXk
channel,Housecall Pro,Watch Me Price a House Cleaning Job Step by Step,251,6,0,2026-07-10,PT6M29S,https://youtube.com/watch?v=mmSt-afYuSU,mmSt-afYuSU
channel,Jobber,Don't Promote Your Best Tech Until You Watch This,301,1,2,2026-09-29,PT25M20S,https://youtube.com/watch?v=FImm2D4TXRg,FImm2D4TXRg
channel,Jobber,Jobber Now 2026: All the NEW Features for Service Pros,2800,28,4,2026-09-23,PT58M22S,https://youtube.com/watch?v=O2UAm-MlJ-M,O2UAm-MlJ-M
channel,Jobber,How to Add New Services (Without Sinking Your Business),532,4,4,2026-09-08,PT14M57S,https://youtube.com/watch?v=c6K8sSn54SA,c6K8sSn54SA
channel,Jobber,Your Website Is Becoming Obsolete (Do THIS Now),483,4,5,2026-08-25,PT13M23S,https://youtube.com/watch?v=9Kp455j0duc,9Kp455j0duc
channel,ServiceTitan,Release #81 | ServiceTitan Release Notes Overview,1729,48,10,2026-09-23,PT20M20S,https://youtube.com/watch?v=WkE08NQoMGw,WkE08NQoMGw
channel,ServiceTitan,Automate appointment confirmations and reduce no-shows | TAD Tune-Up Series,217,2,0,2026-09-22,PT7M51S,https://youtube.com/watch?v=zUmZkiOMKrQ,zUmZkiOMKrQ
channel,ServiceTitan,Calling it Quits: The Real Cost of Family Business Ownership |Podcast Ep. 295|Toolbox for the Trades,153,2,0,2026-09-22,PT25M3S,https://youtube.com/watch?v=gm2nDI50AdY,gm2nDI50AdY
channel,ServiceTitan,Keeping the Board Full: Marketing That Works When Demand Slows | Podcast Ep. 106,429,2,1,2026-09-17,PT51M11S,https://youtube.com/watch?v=v_WHMqOT3yo,v_WHMqOT3yo
channel,ServiceTitan,Healing the Hustle: A Guide to Confronting Burnout in the Trades | Podcast Ep. 294,216,1,0,2026-09-16,PT39M42S,https://youtube.com/watch?v=NoNBcm39OA8,NoNBcm39OA8
channel,ServiceTitan,"2,000% Growth in Six Years: How O'Shea Trades Transformed Their Customer Journey | Podcast Ep. 105",375,4,1,2026-09-10,PT31M37S,https://youtube.com/watch?v=JI31gvSCiSg,JI31gvSCiSg
channel,Workiz,How to Fix Your Google Reputation & Win Local Jobs | Workiz Brew & Do,19,0,0,2026-10-01,PT37M57S,https://youtube.com/watch?v=_0DfgjTY_ZI,_0DfgjTY_ZI
channel,Workiz,Getting your ducks in a row: How to legally protect and grow your home-service business,175,11,0,2025-11-13,PT40M8S,https://youtube.com/watch?v=YjPYQWvEbuM,YjPYQWvEbuM
channel,QuoteIQ,"JobNimbus vs QuoteIQ 2026: Pricing, Features & Best CRM for Contractors",293,4,1,2026-09-11,PT12M15S,https://youtube.com/watch?v=ID-K0T2wzkw,ID-K0T2wzkw
channel,QuoteIQ,Best CRM Software for Solo Service Businesses in 2026: QuoteIQ Review,395,1,0,2026-09-08,PT6M42S,https://youtube.com/watch?v=o7EcKCfzXx4,o7EcKCfzXx4
channel,QuoteIQ,Best Electrical Contractor Software 2026: QuoteIQ vs Jobber vs HouseCall Pro vs ServiceTitan,315,3,0,2026-09-05,PT23M3S,https://youtube.com/watch?v=uVCipkYw2ic,uVCipkYw2ic
channel,QuoteIQ,"QuoteIQ vs Urable 2026: Pricing, Features & Best CRM for Contractors",224,2,1,2026-09-03,PT13M48S,https://youtube.com/watch?v=vhyR-X4HMr0,vhyR-X4HMr0
inspiration: Electrician U,Electrician U,What to Know Before Installing EV Chargers,26318,495,73,2026-09-28,PT17M45S,https://youtube.com/watch?v=zuF8Bn5OEO4,zuF8Bn5OEO4
inspiration: Electrician U,Electrician U,Milwaukee Pipeline 2026: You NEED These Tools on Your Truck!,37928,319,30,2026-09-02,PT29M36S,https://youtube.com/watch?v=j38mq7xCe3o,j38mq7xCe3o
inspiration: Electrician U,Electrician U,Upgrading Your Electrical Panel to 400 Amps | Cost Breakdown,106518,2364,417,2026-01-06,PT20M43S,https://youtube.com/watch?v=Q7_3LMNhkZA,Q7_3LMNhkZA
inspiration: Electrician U,Electrician U,"New Tools, Tech, and Gear Every Electrician Should See",51984,1124,63,2025-10-27,PT30M35S,https://youtube.com/watch?v=Y_avlf9Zajc,Y_avlf9Zajc
inspiration: Electrician U,Electrician U,Why Electricians Are Losing Their Minds Over This New Bender,145192,2890,403,2025-09-03,PT30M47S,https://youtube.com/watch?v=D1z06uKq37k,D1z06uKq37k
inspiration: Electrician U,Electrician U,"How I Made My House Smart Without Spending $100,000!",36405,796,53,2025-08-11,PT9M26S,https://youtube.com/watch?v=U0MfFxkLeeI,U0MfFxkLeeI
inspiration: Carl Murawski,Carl Murawski,The Brutally Honest Work Boot Brand Tier List,365396,2409,526,2026-09-26,PT29M59S,https://youtube.com/watch?v=qM_LnNDJ6TU,qM_LnNDJ6TU
inspiration: Carl Murawski,Carl Murawski,Carhartt Steel Is Back: Their Toughest Workwear Yet?,106116,1052,115,2026-09-24,PT22M,https://youtube.com/watch?v=cyX8IzmMGRw,cyX8IzmMGRw
inspiration: Carl Murawski,Carl Murawski,Why Most Boots Will Never Fit Like This,19696,240,14,2026-09-14,PT55M37S,https://youtube.com/watch?v=81vFqIYuLus,81vFqIYuLus
inspiration: Carl Murawski,Carl Murawski,"If I Started Over as an Electrician, I’d Buy These 15 Tools",50758,870,61,2026-08-04,PT16M8S,https://youtube.com/watch?v=gXLNo-ew2pg,gXLNo-ew2pg
inspiration: Carl Murawski,Carl Murawski,Don’t Quit Your Desk Job for the Trades Until You Hear This,11437,367,102,2026-07-11,PT16M19S,https://youtube.com/watch?v=wZFqJsE7y4Y,wZFqJsE7y4Y
inspiration: Carl Murawski,Carl Murawski,"The best work boots ($600-$1,000)",15486,401,20,2026-05-06,PT3M,https://youtube.com/watch?v=bH1WcwDYYFQ,bH1WcwDYYFQ
search: HVAC tips,TheCheapFix,11 Things HVAC Technicians Don't Want You to Know About Hydrogen Peroxide! (#8 Saves $900),1065328,13231,100,2026-08-07,PT14M58S,https://youtube.com/watch?v=yIh1HAlbhc0,yIh1HAlbhc0
search: HVAC tips,Ray Dutton's Garage,The 5 Thermostat Habits That Wear Out Your AC Years Early,1095487,13138,912,2026-08-18,PT14M28S,https://youtube.com/watch?v=K2jCz3D5z_0,K2jCz3D5z_0
search: HVAC tips,Ray Dutton's Garage,5 AC Mistakes HVAC Companies Hope You Keep Making,587303,14588,1059,2026-07-31,PT14M6S,https://youtube.com/watch?v=qbWN3OViWxQ,qbWN3OViWxQ
search: HVAC tips,Ray Dutton's Garage,"Before You Turn On Your Heat This Fall, Do This (Or Pay for It the First Cold Night)",770214,7481,183,2026-09-14,PT14M42S,https://youtube.com/watch?v=fHAlfm21vYw,fHAlfm21vYw
search: HVAC tips,Exposi,This SECRET AC Trick is Only Known by 1% of HVAC Technicians (USE THEM NOW),193981,2447,70,2026-08-09,PT14M27S,https://youtube.com/watch?v=F0ENEEqAyaE,F0ENEEqAyaE
search: HVAC tips,Piston Post,Doing This Will Make Your Car's AC Blow Twice as Cold,167708,1392,39,2026-07-11,PT16M11S,https://youtube.com/watch?v=1HIrDu0qB3U,1HIrDu0qB3U
search: HVAC tips,Taddy Digest,Top 5 Mini Split Installation Mistakes - Don't Do This!,101242,1838,175,2026-08-12,PT17M12S,https://youtube.com/watch?v=D_2T5H7CFmA,D_2T5H7CFmA
search: HVAC tips,The HVAC Game,This Is How I Troubleshoot with Confidence After 16 Years in HVAC,111302,2158,85,2026-07-25,PT11M50S,https://youtube.com/watch?v=gfD1l4lOEQs,gfD1l4lOEQs
search: HVAC tips,Ray Dutton's Garage,"Before You Switch Your Thermostat to Heat This Fall, Do This (Or Pay for It All Winter)",78241,1097,47,2026-09-21,PT13M26S,https://youtube.com/watch?v=9MbOdR2x0N8,9MbOdR2x0N8
search: HVAC tips,The Good Steward,10 Things Your HVAC Tech Wishes You Knew BEFORE Turning On Your Heat,81031,961,32,2026-09-15,PT10M6S,https://youtube.com/watch?v=qog5ytg5Ans,qog5ytg5Ans
search: plumbing tips,TheCheapFix,12 Things Plumbers Don't want You to Know About Hydrogen Peroxide!,618808,5347,117,2026-08-04,PT16M40S,https://youtube.com/watch?v=SUqzcj5udsk,SUqzcj5udsk
search: plumbing tips,The DIY Guy,Plumbers Don't Want You to Know These 5 Simple Fixes 😱 (DIY Friendly),848698,7768,327,2026-09-26,PT13M23S,https://youtube.com/watch?v=6aXAAFeCH5A,6aXAAFeCH5A
search: plumbing tips,The Vintage Pipefitter,9 Things Plumbers Don't Want You to Know About Hydrogen Peroxide and Your Drains,408852,4214,75,2026-07-15,PT19M53S,https://youtube.com/watch?v=rGEFZrtOJOI,rGEFZrtOJOI
search: plumbing tips,DIY Tips 24h,99% of People Don't Know How to Install a Double-Threaded Water Valve on HDPE Pipe | DIY TIPS 24H,728037,2260,26,2026-09-06,PT9M12S,https://youtube.com/watch?v=klBg6ZO_gSs,klBg6ZO_gSs
search: plumbing tips,Tips Unknown,Many plumbers have become extremely famous thanks to these secrets! 9 top repair tips.,52484,873,12,2026-07-09,PT18M11S,https://youtube.com/watch?v=3ZxXeBsrvPo,3ZxXeBsrvPo
search: plumbing tips,ABCD SAB KUCH (Plumbing),Kholer Rain and mist big size ceiling Shower Luxury Bathroom 2026,41240,666,15,2026-07-26,PT7M50S,https://youtube.com/watch?v=st_ehnaKAl8,st_ehnaKAl8
search: plumbing tips,DerAva,Everything you need to know about Plumbing in Project Zomboid in less than 6 Minutes,64165,1598,133,2026-07-21,PT5M44S,https://youtube.com/watch?v=miCMebgAKO8,miCMebgAKO8
search: plumbing tips,RV Tips & Travels,"The Plumbing Mistake RV Owners & Manufacturers KEEP Making - Hose, Fitting & Clamp Fitment Explained",36140,2479,176,2026-07-19,PT10M56S,https://youtube.com/watch?v=urXWh98arxI,urXWh98arxI
search: plumbing tips,SharkBite Plumbing,Prevent Costly Plumbing Repairs with These Easy Home Maintenance Upgrades | SharkBite & Eastman,28288,36,1,2026-08-20,PT16M58S,https://youtube.com/watch?v=c9ZSxfhwyvU,c9ZSxfhwyvU
search: plumbing tips,VeeduVicharam by Benu Varghese,വീട് പ്ലംബിംഗ് ചെയ്യുമ്പോൾ അറിയേണ്ട എല്ലാ കാര്യങ്ങളും | Complete House Plumbing Guide,11752,173,13,2026-07-11,PT14M48S,https://youtube.com/watch?v=B5aIp9fcrlI,B5aIp9fcrlI
search: electrician tips,Solar and Electric tips,585 watt 2 solar panel installation || how to install solar step by step,286888,2238,262,2026-07-08,PT14M4S,https://youtube.com/watch?v=UjXJiHRHh2g,UjXJiHRHh2g
search: electrician tips,ITI Exam,ITI प्रैक्टिकल परीक्षा देने से पहले देख लो | ITI 1st And 2nd Year | iti practical exam 2026,117484,4340,612,2026-07-05,PT12M50S,https://youtube.com/watch?v=rWpsp-fBy8s,rWpsp-fBy8s
search: electrician tips,Backyard Maine,7 Strange Electrical Tricks (That Actually Work),229041,3887,217,2026-09-25,PT10M29S,https://youtube.com/watch?v=cx6uoNw2OME,cx6uoNw2OME
search: electrician tips,Construction Zone,Electrical work करवाने से पहले ये 12 बाते याद रखें । house wiring tips | house Electrical Work,82039,751,17,2026-07-13,PT10M16S,https://youtube.com/watch?v=ozT8EosPvRw,ozT8EosPvRw
search: electrician tips,Carl Murawski,"If I Started Over as an Electrician, I’d Buy These 15 Tools",50758,870,61,2026-08-04,PT16M8S,https://youtube.com/watch?v=gXLNo-ew2pg,gXLNo-ew2pg
search: electrician tips,VK Knowledge Electrical,iti practical exam update 2026 practical exam iti electrician 1st year 2nd year 2026,32207,731,50,2026-07-05,PT9M44S,https://youtube.com/watch?v=OMCCwa_EXvo,OMCCwa_EXvo
search: electrician tips,SE SOLUTION,House Wiring Secret Trick ⚡ | ये Wiring Trick हर Electrician को पता होनी चाहिए!,76295,0,46,2026-09-02,PT12M10S,https://youtube.com/watch?v=tE2Rm9ktCS4,tE2Rm9ktCS4
search: electrician tips,BlueCollarMario,"What Is the IBEW? Union Electrician Pay, Benefits, and Apprenticeships Explained",28208,387,39,2026-08-06,PT15M28S,https://youtube.com/watch?v=MowlaFxEnfM,MowlaFxEnfM
search: electrician tips,Educational Study point,iti 2nd year exam 4 august 2026 electrician question paper| iti electrician exam paper 2026 2nd year,9998,223,15,2026-07-26,PT10M1S,https://youtube.com/watch?v=yKy1WdFzzFg,yKy1WdFzzFg
search: electrician tips,Electric Online,Power Out at Home? Fix It Yourself in 5 Minutes | Easy Electrical Troubleshooting Guide,8671,373,64,2026-07-08,PT5M59S,https://youtube.com/watch?v=05XHwX9SuLE,05XHwX9SuLE
search: field service business,Auvo Tecnologia,IA em Empresas de Manutenção: pare de perder R$30 MIL por mês no atendimento | Auvo,23695,4,0,2026-08-06,PT5M32S,https://youtube.com/watch?v=UbZYsL5TRCY,UbZYsL5TRCY
search: field service business,The Techno Galaxy,Jobber vs Housecall Pro (2026) | Which One Is Better For YOU?,4562,1355,1,2026-07-19,PT4M53S,https://youtube.com/watch?v=YIo8qTvsMKs,YIo8qTvsMKs
search: field service business,Home Service Millionaire,Building a $1M Business Without Working in the Field,10082,138,38,2026-09-26,PT15M,https://youtube.com/watch?v=_NCHUqDOymI,_NCHUqDOymI
search: field service business,Jon DiPilato,Best Field Service Software 2026 (I pulled the prices),3612,7,0,2026-09-16,PT5M41S,https://youtube.com/watch?v=pfRJeeM0TGU,pfRJeeM0TGU
search: field service business,The Techno Galaxy,Jobber Pricing (2026) | Which Plan Should You Choose??,1484,291,1,2026-07-13,PT4M10S,https://youtube.com/watch?v=1R9DEH_0kzs,1R9DEH_0kzs
search: field service business,SoTellUs,Your Service Techs Are Walking Away From Money | Increase Revenue on Every Job,1267,333,40,2026-09-15,PT15M38S,https://youtube.com/watch?v=tIHy6KOBlr0,tIHy6KOBlr0
search: field service business,The Techno Galaxy,5 Best Jobber Alternatives (2026) | Which One Is Right for You?,1148,266,1,2026-08-03,PT4M6S,https://youtube.com/watch?v=7or1-kCFq10,7or1-kCFq10
search: field service business,SelectHub,Ultimate BuildOps Review 2026: Commercial Field Service Management + AI-Native Operations,3214,2,0,2026-08-14,PT6M13S,https://youtube.com/watch?v=jxOLtfgYtVE,jxOLtfgYtVE
search: field service business,The Techno Galaxy,Best Contractor CRM : Which Is The Best CRM Software For Contractors?,801,178,1,2026-09-23,PT5M55S,https://youtube.com/watch?v=3eFNPOOboQo,3eFNPOOboQo
search: field service business,Business Solution,QuoteIQ Review & Full Demo: CRM Built For Home Service Pros,611,3,0,2026-07-25,PT13M15S,https://youtube.com/watch?v=Am5am8uXNbw,Am5am8uXNbw
search: home service business,Book Vibes,नौकरी के भरोसे मत रहो! ये 9 Small Businesses करो जो कभी बंद नहीं होंगे 💰 |,1533584,8627,263,2026-09-07,PT14M43S,https://youtube.com/watch?v=TiCpPHm3mjM,TiCpPHm3mjM
search: home service business,rider Mallesh,జానవి కొత్త bussiness పెడితే || little cleaners cleaning services || చిటికెలో చేస్తాం పని || rider ,431784,1855,144,2026-08-30,PT19M9S,https://youtube.com/watch?v=FfI5gBqftEQ,FfI5gBqftEQ
search: home service business,Career Wali Baat,लोगों की ज़िंदगी बदल रहा ये काम | New Business Ideas 2026 | Home Based Business Ideas,389080,9369,2460,2026-08-09,PT19M31S,https://youtube.com/watch?v=BntYoDdTsqI,BntYoDdTsqI
search: home service business,KTIV News 4,"U.S. Postal Inspection Service raids North Sioux City business, Dakota Dunes home",412538,3376,770,2026-09-24,PT5M57S,https://youtube.com/watch?v=T_l9nHKUfms,T_l9nHKUfms
search: home service business,Growth Story Studio,नौकरी के भरोसे मत रहो! ये 8 Small Businesses करो जो कभी बंद नहीं होंगे,834405,8025,210,2026-09-27,PT19M17S,https://youtube.com/watch?v=NZEz8aWjTbk,NZEz8aWjTbk
search: home service business,SumanTV Anchor Naveena ,Stitch On Call: Doorstep Tailoring Service That Saves Your Time | Tailoring Business | SumanTV,75787,237,11,2026-09-13,PT17M48S,https://youtube.com/watch?v=tYS2dENhZEY,tYS2dENhZEY
search: home service business,Austin Zaback,7 Service Businesses Making People RICH in 2026 (Low Competition),17287,346,9,2026-07-23,PT13M24S,https://youtube.com/watch?v=cV6oICyuKKo,cV6oICyuKKo
search: home service business,Mike Andes ,DAY 3 of Building a $1M Business in 1 Yr,22093,303,97,2026-09-29,PT16M44S,https://youtube.com/watch?v=wv2OWq9URis,wv2OWq9URis
search: home service business,Mike Andes ,Every Home Service Business Owner Makes This Mistake,4580,90,25,2026-08-11,PT17M47S,https://youtube.com/watch?v=fgoamWDTn3M,fgoamWDTn3M
search: home service business,The Koerner Office Highlights,The Easiest Home Service Business You've Never Tried,11608,85,6,2026-09-18,PT11M9S,https://youtube.com/watch?v=zCDGoiv1L8Q,zCDGoiv1L8Q
